ssn,username,first name,last name,sex,street address,state,postal code,mail,birthdate
452-50-6924,russell23,Michael,Hebert,M,206 William Stream,HI,29419,robertnguyen@yahoo.com,1987-12-15
738-16-1005,caitlinanthony,Emily,Parker,F,8871 Diaz Land,MD,65719,annaramos@hotmail.com,1942-03-01
773-80-3323,anthony18,Sylvia,James,F,USNV Cannon,,,michael45@hotmail.com,2004-12-23
171-20-4761,reedjames,Kelly,Edwards,F,615 Jamie Fields Suite 849,KY,02301,bartlettdanielle@yahoo.com,1914-06-26
870-48-6252,uprince,Ronald,Huff,M,8193 Jensen Overpass,RI,74715,jonesjoseph@yahoo.com,1930-05-02
774-49-8839,jameschristopher,Darren,Smith,M,237 Barr Courts Suite 750,DE,02297,michaelwilson@hotmail.com,2015-02-04
162-48-2753,vrichards,Ashley,Smith,F,3548 Murphy Square Suite 253,MP,41931,mitchelltiffany@yahoo.com,1944-06-16
621-35-5815,hughesemily,Justin,Edwards,M,985 Rodriguez Shores,KS,23375,williamvelez@hotmail.com,2010-07-18
620-38-1679,keith75,Antonio,Porter,M,Unit 7846 Box 2605,,,wendy00@hotmail.com,1994-05-17
898-05-3838,zschultz,Gregory,Williams,M,2531 Amanda Curve Apt. 964,NE,41899,charlesgentry@gmail.com,1981-03-20
442-94-9001,victoriamcknight,Lindsey,Santiago,F,4791 Micheal Village Apt. 549,MO,59268,kristiday@yahoo.com,1968-10-02
196-19-3364,marissacarpenter,Jeremy,Lee,M,438 Robert Rest Apt. 566,VT,79650,carolyngarrison@hotmail.com,1944-08-07
565-21-2660,warrenalexis,Henry,Sanchez,M,1518 Rodney Turnpike,DE,95621,xriley@yahoo.com,1943-02-10
023-33-4117,renee68,Karen,Hughes,F,89582 Miranda Mount Suite 801,GA,54916,hannahmckenzie@gmail.com,1950-03-29
331-41-6516,fhancock,Brian,Greer,M,22026 Brent Glens Suite 223,CO,99155,clarkmark@hotmail.com,1943-07-30
839-68-0180,justingrant,Spencer,Arnold,M,2292 Dyer Park Suite 698,HI,30374,millerjennifer@gmail.com,2002-06-02
214-27-4251,whiteshelby,Peter,Thomas,M,129 Amanda Mount,AS,77451,pamelamarquez@gmail.com,1969-01-09
467-94-0948,faulknercarol,Steven,Terrell,M,4319 Russo Avenue Apt. 636,GU,43609,lisagarcia@gmail.com,1973-09-22
705-68-1024,williamperkins,David,Parker,M,4796 Campbell Via Apt. 715,HI,72640,dblair@hotmail.com,1993-04-06
886-85-2556,ngarcia,Alicia,Bishop,F,317 Jennifer Lodge,OR,30643,patriciabaldwin@yahoo.com,2018-02-13
082-92-0723,jason81,Gary,Deleon,M,58619 Melissa Plains Suite 411,MO,76733,diazmatthew@gmail.com,1952-11-16
252-07-8274,mwright,Katherine,Mendez,F,4737 Betty Causeway Apt. 342,AR,22662,keith87@gmail.com,1914-03-08
215-48-3284,hvaldez,Albert,Franco,M,578 Christine Camp Apt. 233,TX,90274,kimberly75@yahoo.com,2017-03-08
767-73-1675,beasleyelizabeth,Mariah,Jordan,F,990 Kathy Common,ME,19805,davidhuang@yahoo.com,1998-02-19
712-96-7796,wardtrevor,Loretta,Schaefer,F,2113 Savannah Islands,DC,39624,rpark@yahoo.com,2005-07-02
721-26-0729,kellypatrick,Peter,Cox,M,1359 Willis Manors Apt. 746,NH,56947,juliedavis@hotmail.com,2019-10-23
046-01-5504,nathan05,Jennifer,Munoz,F,"PSC 7108, Box 8004",,,zlarson@hotmail.com,1918-06-23
541-20-9109,uriddle,Kenneth,Griffin,M,755 Tara Shoals Suite 392,VT,47189,amber85@gmail.com,1959-06-08
071-44-2546,boneill,Jacqueline,Gibbs,F,134 Suzanne Shore Suite 287,DC,65359,gina72@gmail.com,1979-06-13
558-96-4330,janet19,James,Morrison,M,012 Shepherd Meadows,NJ,55706,nicole48@hotmail.com,1999-06-04
405-60-7395,michaelbrown,Patrick,Mitchell,M,"PSC 8290, Box 8794",,,mariamooney@hotmail.com,1948-05-09
587-19-9569,zthompson,Matthew,Williams,M,81313 Briggs Court,AZ,75002,brandon27@gmail.com,1919-07-31
126-27-8941,christianharper,Krystal,Torres,F,098 Payne Corner Suite 848,VT,90274,sramos@hotmail.com,1937-07-12
699-61-5569,gonzalezsteven,Paul,Macdonald,M,693 Sosa Trafficway Apt. 547,FL,20878,calebgreen@gmail.com,1949-09-03
742-21-5141,angelmiller,Kimberly,Gonzales,F,6532 Kristen Island Apt. 834,DC,32460,susan17@gmail.com,2013-11-26
681-93-1073,hollandamanda,David,Taylor,M,72388 Lucas Drives Suite 721,WI,09168,joshuadavis@gmail.com,1925-08-18
136-30-6550,sullivanrussell,Heather,Hartman,F,50674 Brady Knolls Apt. 284,SC,30233,tinagonzalez@gmail.com,2000-11-27
716-32-6189,brianarussell,David,Murray,M,303 Valerie Trace,NM,71119,evansgabriel@hotmail.com,1986-06-03
109-28-9045,thomassullivan,Amy,Murphy,F,58076 Maria Underpass,MN,80333,gguerra@hotmail.com,1948-10-10
352-93-3826,kristine82,Danielle,Gomez,F,258 Emily Rue Suite 377,KY,44571,whuff@gmail.com,1985-05-07
863-94-6652,bsmith,David,Anderson,M,9299 Kimberly Mountains Apt. 160,GA,66995,cjensen@gmail.com,2007-04-27
076-97-3769,martinezkristina,Jennifer,Baker,F,47938 Wendy Circles,MT,89660,jason33@hotmail.com,1933-08-12
100-11-1199,laura62,Nicholas,Jones,M,099 Johnson Ferry Suite 415,TN,66334,brad67@hotmail.com,1992-05-24
692-49-6107,nhale,Jessica,Dyer,F,"PSC 9884, Box 2845",,,ochoaandre@yahoo.com,1945-06-27
622-91-1751,taylor51,Kelli,Bray,F,933 Douglas Summit,DE,35881,hwoodward@yahoo.com,1935-02-09
364-17-0248,jeffreyrichardson,Heather,Copeland,F,72166 Seth Ferry,DC,98902,renee45@yahoo.com,1996-02-19
517-90-1949,fieldsanna,James,Mcclure,M,Unit 2488 Box 8652,,,codycaldwell@gmail.com,1987-05-16
226-09-7262,michellethompson,Joseph,Jones,M,595 Gregory Ferry Suite 208,IL,76487,abigailaustin@yahoo.com,1912-03-16
827-47-3920,nguyenedward,Robert,Petty,M,USNV Ray,,,jrobinson@hotmail.com,1946-12-21
844-98-7012,cummingsvicki,Angela,Tucker,F,41689 William Park Apt. 788,MT,59630,mariabrown@gmail.com,2009-09-16
487-32-4673,michaelwallace,Laura,Vasquez,F,19252 Garrett Ways Apt. 298,AS,07443,spayne@yahoo.com,2015-08-20
050-51-7195,joanna57,Kristine,Smith,F,992 Olivia Lodge Suite 032,DC,95323,aleonard@yahoo.com,1967-07-06
891-40-6262,htrujillo,Jerome,Adkins,M,5763 Ashley View Apt. 054,NJ,33403,teresa97@gmail.com,1938-06-23
359-20-5291,contreraschad,Chad,Glover,M,6721 Thompson Burg Apt. 953,MO,57339,coreymartin@yahoo.com,1957-07-31
335-14-1061,kennethgonzalez,Donna,Moore,F,6790 Joel Street Suite 972,AL,07590,donna69@hotmail.com,2017-06-09
709-75-3384,adammckee,Angela,Wood,F,42422 Jose Avenue Apt. 459,IL,19460,nrodriguez@hotmail.com,1941-02-12
528-20-3025,grantyvonne,Daniel,Farrell,M,04896 Patrick Camp,IL,26527,millerdanny@gmail.com,1920-02-08
006-07-0430,parkercrystal,Edward,Jones,M,Unit 2029 Box 7568,,,wallerdwayne@hotmail.com,1999-11-30
893-29-6089,edwardsmeghan,Catherine,Conway,F,Unit 7050 Box 3810,,,cdavis@hotmail.com,1985-12-23
659-19-1199,michael74,Rhonda,Blair,F,0126 Amy Valleys,OR,83573,harrisvanessa@yahoo.com,2009-01-08
843-71-3535,alove,Juan,Harris,M,898 Taylor Divide Apt. 403,NM,30606,connerkathryn@hotmail.com,2017-12-14
013-40-1433,davidhanna,Christopher,King,M,704 Henderson Course,SD,07932,felicia02@gmail.com,1956-11-27
888-82-8225,drodriguez,Mark,Simmons,M,23270 Kenneth Course,OH,42028,adam70@gmail.com,2015-01-26
259-92-5648,xnixon,Tim,Cross,M,16337 Amanda Harbor Apt. 226,LA,11001,toddolivia@hotmail.com,1980-02-27
795-82-1482,jamiephelps,Bryan,Mason,M,582 Charles Plaza,MN,31416,shanewood@hotmail.com,2016-08-02
247-94-4379,yhamilton,Chase,King,M,3988 Sarah Parkway,AK,86679,ryantracy@yahoo.com,2018-11-13
308-74-1900,richardwalker,Katherine,Miller,F,37435 David Pine Suite 766,MA,52041,joel42@hotmail.com,2012-12-26
661-64-3247,andrewriddle,Crystal,Ferrell MD,F,070 Campbell Village Apt. 712,CT,73387,markstone@yahoo.com,1932-08-22
203-64-2714,weekslaura,Jonathan,Warren,M,"PSC 6232, Box 1621",,,kimberlyharris@yahoo.com,1931-03-17
774-22-9722,robertwilson,Robert,Villarreal,M,352 Lopez Landing Apt. 997,AS,26666,ericlittle@hotmail.com,2015-12-30
003-57-0509,robertcervantes,Brent,Nguyen,M,47706 Andrew Crest Apt. 466,OK,45716,franklinsanchez@gmail.com,1999-11-17
479-54-0688,whenderson,Tamara,Henson,F,985 Heather Prairie Apt. 342,TX,63104,washingtonrobert@yahoo.com,1992-09-19
117-04-7676,ncollins,Anthony,Chambers,M,3686 Price Estates Apt. 965,MP,08129,charles20@yahoo.com,1923-06-21
847-52-1334,andrew08,Brianna,Maddox,F,828 Jorge Circle,CO,00636,ashley78@hotmail.com,1964-07-28
482-36-2508,raven10,Tara,Dominguez,F,360 Michelle Unions Suite 724,RI,02580,qlee@hotmail.com,1967-09-18
899-20-5993,vparrish,Troy,Lee,M,61147 Stephanie Spring,NJ,23748,scottsean@gmail.com,1961-05-02
496-96-5719,mliu,Terry,Robinson,F,0789 Tina Row Apt. 423,AR,14595,amber23@yahoo.com,1940-11-28
529-98-1868,staciewilson,Thomas,Macdonald,M,21603 Mclaughlin Points,MO,08897,nicole60@hotmail.com,1942-03-03
583-25-1982,wwilson,Erica,Gutierrez,F,"PSC 4433, Box 3354",,,icantrell@hotmail.com,1947-08-09
668-02-4803,courtney20,Carly,Clarke,F,9071 Joel Ford,NC,90337,qriley@yahoo.com,1931-09-14
597-85-9390,xgarrett,Patrick,Rasmussen,M,075 Rebecca Gateway Apt. 170,TN,22279,edward75@hotmail.com,1970-04-25
169-23-8378,qmckinney,Mr.,James Garza Jr.,M,USCGC Flores,,,jdudley@gmail.com,1962-06-13
739-03-7106,webbcharles,David,Sanchez,M,649 Hill Ramp Suite 441,PA,18825,kristin67@gmail.com,1916-10-16
893-93-9906,brandon59,Maria,Brown,F,65531 Megan Terrace Suite 180,FL,64764,mccallkaitlyn@hotmail.com,1958-02-11
749-56-7232,william02,Brandon,Tucker,M,7611 Ray Brooks,ID,62243,davidperkins@hotmail.com,1946-07-16
738-20-2556,anthonyjohns,Briana,Combs,F,98930 Martin Spurs,AZ,14701,thomasvicki@hotmail.com,1981-09-06
498-74-1836,kimberlyallen,April,Burgess,F,542 Adam Glen Apt. 213,LA,18568,johnsonsarah@gmail.com,2021-12-13
714-02-5547,egates,Daniel,Lowery,M,Unit 4947 Box 5356,,,jacksongeorge@yahoo.com,1996-12-31
421-16-4684,natalie72,Victor,Montes,M,Unit 2708 Box 1403,,,james52@gmail.com,2006-03-12
361-62-8275,ystewart,Rachel,Galvan,F,7699 Natalie Club,CA,47689,pearsonjacob@yahoo.com,1987-06-02
719-27-4717,richardlynch,Ricardo,Reyes,M,15952 Ashley Falls Suite 395,NH,61046,kimmaria@yahoo.com,1994-07-04
018-77-8956,frankfischer,Elizabeth,Humphrey,F,0156 Keller Canyon Apt. 867,LA,81724,rdavidson@hotmail.com,1980-05-27
288-56-5810,tammieduncan,Thomas,White,M,187 Maria Common Apt. 663,HI,69067,vgould@yahoo.com,2019-02-03
059-49-7029,gonzalezkerri,Daniel,Marshall,M,"PSC 6204, Box 4124",,,drakemaria@gmail.com,1943-02-25
618-23-7085,michaelmartin,Alyssa,Anderson,F,12509 Jordan Rapid Suite 221,RI,67312,kmiller@hotmail.com,1997-08-14
737-70-4550,davidcox,David,Combs,M,USS Davis,,,krivas@yahoo.com,1954-04-02
722-86-6625,franklinkimberly,Judy,Singleton,F,USNV Brown,,,alvarezgloria@hotmail.com,1915-04-25
533-32-9708,kylemartinez,Autumn,Thompson,F,122 Justin Meadow Apt. 484,OK,21345,michael77@hotmail.com,1971-03-02
484-99-9943,amy35,Jeremy,Vaughn,M,8396 Edwards Mount,HI,75519,guzmansheena@yahoo.com,1922-06-08
277-26-8858,jonesrichard,Barry,Rios,M,29078 Wayne Turnpike Suite 620,MH,23619,wagnerbrittany@yahoo.com,2001-05-05
737-67-3772,gward,Joy,Fitzgerald,F,69669 Burnett Courts Suite 987,ND,27081,uallen@yahoo.com,1935-07-08
016-50-1944,fmoore,Michael,Knight,M,7880 Hood Road Suite 783,AL,66199,melissa96@hotmail.com,1999-03-14
355-68-0953,garciaelijah,Brittany,Brown,F,33397 Arnold Road Suite 009,VI,46357,berryapril@hotmail.com,2002-02-06
594-06-6194,kedwards,Sheena,Walker,F,14217 Tate Highway,VT,97671,rebecca83@yahoo.com,1991-11-01
237-88-3966,dmitchell,Kenneth,Butler,M,278 Lewis Light,MN,14221,brianharrison@gmail.com,2012-06-29
818-97-7595,larryklein,Jeremy,Williams,M,79712 Nicole Flats,DC,26351,teresasaunders@yahoo.com,1965-04-16
194-60-9629,vhoffman,Stephanie,Robertson,F,726 Mullen Avenue Suite 009,MP,86662,wlynch@gmail.com,1919-07-25
308-91-8730,stephaniefernandez,Harold,Morton,M,74947 Leonard Cliffs,MS,31962,william84@hotmail.com,1980-02-16
640-46-9148,victoriawilliamson,Audrey,Rodriguez,F,2718 Rebecca Fords,WI,32601,timothygeorge@yahoo.com,1936-11-11
601-14-3583,awright,Mark,Jenkins,M,235 Eric Village,GA,59970,patricia40@gmail.com,2015-05-19
203-13-3194,gracereynolds,Holly,Rosario,F,69604 Rodriguez Trafficway Apt. 358,PW,26116,ellischristian@gmail.com,2014-12-23
781-57-6817,robert20,Nicholas,Barton,M,"PSC 9057, Box 5917",,,parker96@hotmail.com,2022-10-30
476-16-5264,sanchezjennifer,Charles,Carney,M,17756 Diane Falls Apt. 071,AS,87598,ncurtis@hotmail.com,1910-08-23
190-97-2479,fcarter,Kenneth,Green,M,Unit 2217 Box 7891,,,jessica47@yahoo.com,1958-03-27
631-18-0463,leebrandon,Joel,Jones,M,956 Small Village,TX,19374,brian81@yahoo.com,1937-09-25
740-29-0850,xhernandez,Michelle,Hamilton,F,110 Wallace Extensions,PR,09766,qmitchell@yahoo.com,1966-02-21
178-23-9500,ejames,Jessica,Villarreal,F,42640 Savage Cliff Suite 212,AZ,14588,raven90@yahoo.com,1965-01-29
485-57-5914,robersonbeverly,Patricia,Andrade,F,037 Warner Place,VI,46571,brownjames@hotmail.com,1975-12-21
819-76-1352,vlucas,Dalton,Payne,M,12700 Olivia Row Apt. 061,PA,42440,danielsrebecca@hotmail.com,1965-09-16
196-90-2315,linda56,Samantha,Bradley DDS,F,70606 Linda Lodge Suite 625,PA,73091,anne47@gmail.com,1966-05-13
403-58-1768,brandon77,Bradley,Roberts,M,9460 Boyd Extension,WV,55825,brianna88@gmail.com,1916-07-10
217-33-6953,rebeccaaustin,Daniel,Rivers,M,014 Brittany Mews,FM,63290,nwoods@gmail.com,1969-08-25
381-74-8523,robertsimpson,Kevin,Smith,M,97238 Joseph Ramp,WV,39868,taylormichelle@gmail.com,2020-08-30
383-99-5904,ewest,Latoya,Sanders,F,257 Spence Lakes,UT,18546,xmack@gmail.com,1913-12-29
082-49-2483,mdavis,Lisa,Hopkins,F,"PSC 7135, Box 6278",,,norrisgary@hotmail.com,1999-03-31
723-17-1060,kevinsantiago,Jessica,Perez,F,322 Beck Junctions,NE,21298,mdillon@gmail.com,2018-11-14
599-19-4779,hernandeznathan,Albert,Jackson,M,2526 Wolfe Cove Suite 811,ID,02112,zunigadeborah@yahoo.com,1991-10-04
552-85-8729,johnhunt,Dr.,Benjamin Soto,M,9414 Elizabeth Underpass Apt. 011,OR,38100,bradleymonroe@hotmail.com,1948-01-03
133-41-3635,kristen48,Terry,Stewart,M,35656 Thomas Ridge,MS,57028,ravenholmes@hotmail.com,2013-01-09
061-24-4179,alexscott,Richard,Meadows,M,795 Patricia Knoll Apt. 472,AL,13231,samuelsanchez@hotmail.com,1966-03-30
417-66-5820,vbaldwin,Michael,Allen,M,8032 Yvonne Cove Apt. 472,MP,87536,danderson@gmail.com,1960-05-15
169-85-4727,martinrush,Heidi,Jimenez,F,577 Barbara Parkways,AL,95854,barberalexandria@hotmail.com,2004-03-17
200-51-7424,kevinburns,Joshua,Sanford,M,8157 Brittany Rapid Suite 004,SD,41457,floressusan@hotmail.com,1976-06-06
533-39-7479,wesley45,Lisa,Butler,F,58757 James Prairie,DC,75174,brianbrady@gmail.com,1935-08-23
570-99-6450,cruzemily,Nancy,Jefferson,F,2540 Cruz Hill Suite 446,CO,61498,micheal35@hotmail.com,1948-11-08
393-66-2999,millsjames,Kimberly,Hawkins,F,02365 Savage Pine,RI,48215,charlottechen@yahoo.com,1990-10-17
752-24-4335,gibsonevan,Peter,Rivera,M,81368 Murphy Ports Suite 683,KY,90809,rachel21@gmail.com,1932-10-02
259-81-3530,justinrichards,Collin,Davis,M,03257 Erica Glen,IN,93679,michael57@hotmail.com,1927-04-25
697-49-1858,patrick27,Scott,Williams,M,63083 Thompson View,MS,21683,christina45@gmail.com,1971-12-28
731-03-1500,vpearson,Katherine,Sandoval,F,51485 Vanessa Curve Apt. 976,MN,75903,jason84@hotmail.com,1929-08-13
341-41-1981,steveestes,Denise,Mays,F,USS Smith,,,robyncarroll@gmail.com,1923-02-24
149-15-6287,katherineoliver,Edward,Martinez,M,7995 Wagner Neck Suite 314,NC,86807,michaeljones@yahoo.com,1957-01-31
450-83-2320,jennifer74,Patricia,Roberts,F,5768 Mackenzie Tunnel Apt. 821,AR,70032,hahnjustin@hotmail.com,2003-09-21
797-72-8820,deborahrodriguez,Crystal,Edwards,F,683 Gonzalez Neck Suite 917,AS,40617,houstonanthony@hotmail.com,1975-03-28
416-94-7052,tammy37,Ashley,Delgado,F,7302 Carey Roads Apt. 482,FM,34452,mcmillanjonathan@hotmail.com,1917-03-28
515-83-1384,erin71,Jeffrey,Olson,M,80009 Jay Flat Apt. 938,VT,45983,brandy19@yahoo.com,2010-08-28
298-66-8712,floresdaniel,Eugene,Carter,M,802 Alexa Greens Suite 552,AR,36680,kelsey41@yahoo.com,2025-05-28
304-59-7682,jguzman,Erin,White,F,528 David Via,GA,97965,davidreynolds@gmail.com,1987-03-28
019-64-4483,joshualucas,Eric,Castaneda,M,223 James Street Apt. 300,NY,56842,gshaw@yahoo.com,1952-06-27
877-65-9307,villegaskatherine,Tommy,Young,M,376 Gonzalez Grove,IA,20371,catherinerobinson@gmail.com,1952-09-11
100-84-9070,christina03,Tonya,Cortez,F,799 Jacobson Common Apt. 331,ME,20520,gho@hotmail.com,1987-11-24
455-67-4212,hmiller,Sharon,Carrillo,F,"PSC 7983, Box 5194",,,beth41@hotmail.com,1983-02-27
580-08-2559,mariemurphy,Tiffany,May,F,26840 Campbell Centers Apt. 473,ND,76657,yrivera@gmail.com,1958-05-15
687-68-2997,robertsamanda,Gabriella,Wolf,F,4276 Hicks Fork Suite 377,NM,79630,qfleming@hotmail.com,1983-03-08
824-79-9279,david82,Joshua,Heath,M,Unit 4799 Box 1630,,,dsantiago@gmail.com,1984-05-07
500-13-9045,lgarcia,Lisa,Willis,F,258 Curtis Flat Apt. 762,DC,66144,amccormick@yahoo.com,1935-06-27
874-87-6400,lhenry,Joshua,Roman,M,611 Yu Course Apt. 496,NE,40481,jhart@gmail.com,1989-11-15
894-51-8710,melinda50,Benjamin,Snyder,M,"PSC 4905, Box 6288",,,brian67@yahoo.com,1920-12-14
422-65-3467,jill66,Daniel,Hamilton,M,59448 Stephen Green,HI,63928,salasjessica@yahoo.com,1916-09-25
343-57-1471,brownscott,Patricia,Brown,F,9008 Rogers Fords,FL,74942,meyertonya@hotmail.com,1951-08-25
346-98-2761,jefferylee,Dale,Hernandez,M,4928 Tamara Village Suite 042,AZ,15880,amygallegos@gmail.com,1974-02-22
426-76-1502,nicholas63,Kathryn,Hernandez,F,8077 Charles Port,WY,66009,alexander43@yahoo.com,1928-11-11
038-84-2005,matthew40,Kendra,Bowers,F,18353 Powell Falls Suite 959,NC,27555,jennifer84@hotmail.com,1932-11-20
315-72-6970,charles06,David,Lee,M,312 Campbell Meadows,MS,70148,johnpark@yahoo.com,1963-01-03
701-62-8909,michael06,Kathleen,Arroyo,F,7433 Joshua Light Suite 423,GU,35854,hollyweber@yahoo.com,1949-02-15
388-76-7100,lisa29,Gregory,Hernandez,M,969 Christine Station,GU,79735,abaxter@yahoo.com,1937-08-10
698-88-8970,stephanie57,Lisa,Bryant,F,016 Amy Cove Suite 730,CA,41018,isloan@yahoo.com,2011-01-26
277-62-7319,pconway,Kim,Wise,F,557 Kim Hills,WV,94630,melissa49@hotmail.com,1931-07-31
823-55-1811,gjones,Jonathan,Salazar,M,490 Mays Via,HI,09829,icombs@hotmail.com,1974-07-24
443-25-5397,joannagreene,Donald,Peterson,M,90494 Jackson Drive Suite 988,AK,64820,pmills@yahoo.com,1982-06-11
344-93-3288,michael82,Roy,Wallace,M,5276 Brown Prairie,SD,70344,jamesgreene@yahoo.com,1934-11-27
600-45-0558,middletonstuart,Michael,Rodriguez,M,0937 King Burg Apt. 136,UT,44906,dedwards@gmail.com,1985-12-28
082-24-7955,ecunningham,Gloria,Aguilar,F,435 Escobar Wall Apt. 304,ME,71133,jennifersanchez@gmail.com,1912-02-13
482-37-0504,garrisonariel,Jennifer,Jones,F,2430 Hannah Shoal Suite 111,MI,89525,johndavis@hotmail.com,1946-05-11
674-67-0444,elizabeth95,William,Schultz,M,"PSC 6766, Box 1706",,,ramoslindsey@gmail.com,1974-08-25
496-98-6655,georgelee,Brandy,Dominguez,F,9177 Jason Plaza,CO,52676,dwayne12@gmail.com,1970-10-02
590-26-0055,wilsonerica,Crystal,Mitchell,F,76705 Page Squares Suite 462,UT,68788,calvin08@yahoo.com,1987-11-30
798-51-1640,pramos,Dr.,Frank Campbell Jr.,M,099 Michael Parkway Apt. 338,MN,60621,rogersdavid@yahoo.com,1999-06-25
063-60-4461,jessicalam,Michele,Martin,F,6934 Vasquez Terrace,TN,44412,daniellerobinson@yahoo.com,1970-08-08
777-74-5183,wadesandra,Heather,Johnston,F,42991 Mata Valleys Suite 276,AZ,38492,riveracassandra@yahoo.com,2012-04-06
348-53-4454,zmorrison,Troy,Byrd,M,84382 Robert Grove,KS,05317,bennettandre@yahoo.com,1986-07-02
726-99-3496,anthony59,Larry,Richardson,M,94938 Mark Hollow,VT,99842,carriepowell@yahoo.com,1967-07-28
868-61-2323,hannah11,James,Hamilton,M,69243 Erickson Field Suite 082,AS,07144,chowell@hotmail.com,2003-10-22
458-93-6836,janicesimpson,Laura,Davis,F,87605 Matthew Knolls,OH,48046,scottbrady@hotmail.com,2006-08-11
748-06-1291,wendyhiggins,Christopher,Nelson,M,0190 Leon Alley,OK,20172,wgarcia@hotmail.com,1991-12-04
844-66-2428,ajones,Zachary,Gilmore,M,627 James Valley,KS,80629,calvarez@yahoo.com,1990-12-28
473-57-5248,hpeters,Joseph,Wood DVM,M,923 Walton Street,PR,95291,valerie25@gmail.com,1973-11-19
036-40-2023,bcooper,Ms.,Linda Rodriguez DDS,F,501 Cameron Square,MP,08317,kerry55@gmail.com,2016-04-01
292-42-8924,steven54,Zachary,Dunlap,M,7337 Johnson Knoll,WA,24528,walshstephen@yahoo.com,1920-07-23
696-45-4047,charlesnichols,Ricardo,Hurst,M,991 Charles Pines Apt. 938,WA,20168,wwilson@yahoo.com,1938-05-13
646-92-3170,samuel30,Diane,Mcgrath,F,16822 Irwin Corner,TN,98828,thernandez@gmail.com,1974-07-06
192-89-7809,srosario,Charles,Everett,M,480 Foster Port,ID,21558,williamssamuel@yahoo.com,1923-06-19
370-35-8561,kayla66,Kelly,Nguyen,F,Unit 6789 Box 3287,,,johnsonmelissa@gmail.com,1993-05-20
719-53-7313,tannerjose,Judith,Dalton,F,76315 Victor Valleys Suite 851,MH,14413,luceromicheal@gmail.com,1913-12-19
314-36-9406,pstephenson,Amanda,Mccall,F,67685 Katie Island,ND,78695,jberry@hotmail.com,1958-05-17
675-74-6328,wsandoval,Stephen,Marquez,M,2350 Stephen Center,OK,97159,sjones@hotmail.com,1912-09-06
379-22-3698,smithsarah,Howard,Johnson,M,293 Shawn Estate,PW,87927,sgraham@yahoo.com,1970-03-03
372-90-4919,karenparker,Joseph,Wood,M,088 Cruz Fall,MT,25272,gibbslisa@hotmail.com,1969-08-23
046-37-1076,crosbyrachel,Adam,Lee,M,25509 Denise Heights,UT,21051,silvapaul@hotmail.com,2020-11-14
516-04-6333,stephaniehuffman,William,Flynn,M,5755 Marcus Summit Apt. 869,AK,42689,dylanyates@yahoo.com,1951-01-04
532-46-2947,cookjessica,Morgan,Jackson,F,710 Amanda Corners,AZ,56063,megan98@yahoo.com,1995-09-25
706-83-5938,erinbrewer,Melinda,Wheeler,F,85649 Morales Harbors,AK,57347,albert94@hotmail.com,1921-09-25
579-46-3588,joshua19,Corey,Brown,M,USNS Miles,,,gary43@gmail.com,2023-11-19
278-32-4866,johnfowler,Donna,Torres,F,90220 Edwards Crest,TX,90875,hubbarddaniel@hotmail.com,1964-09-29
149-01-6695,ytyler,Jennifer,Taylor,F,21977 Kara Track,NM,71210,vperez@gmail.com,2004-07-20
346-45-9729,kiarasilva,Ian,Strickland,M,9279 White Meadows,MS,40521,richardellis@hotmail.com,1961-01-11
430-96-6668,alexandrachapman,Michael,Nichols,M,2922 Yates Hill,MN,75394,mariaclark@yahoo.com,1995-01-29
442-26-6572,chadhernandez,Tonya,Carter,F,"PSC 1486, Box 3374",,,tshaw@yahoo.com,2021-07-23
696-55-8416,justin69,Steve,Curry,M,3513 Tapia Spurs,MA,01293,pecktimothy@hotmail.com,2006-07-15
369-51-2026,alexmiller,Jessica,Preston,F,2927 Luis Mountain Apt. 865,MS,08916,meredithmelton@gmail.com,1953-11-22
420-35-5052,kortega,Cassandra,Quinn,F,681 Christina Spur,FL,57809,kevingrant@yahoo.com,2017-04-30
528-49-3056,donovandustin,Matthew,Mccarty,M,80263 Erik Court,WY,61591,joserocha@yahoo.com,1950-11-05
822-61-4444,brendahansen,April,Peterson,F,415 Jessica Trail,KS,95988,btaylor@yahoo.com,1989-04-23
063-31-4980,alison59,Veronica,Mckenzie,F,25139 Christina Points Apt. 134,MO,30653,mariohendricks@hotmail.com,2000-09-01
887-40-9977,kevinduran,Jeffrey,Rios,M,6184 Kelly Vista Suite 609,MD,60577,martinvilla@yahoo.com,1942-10-30
077-32-1968,townsendkimberly,Eric,Collins,M,80965 Melissa Via,TN,84273,emiller@hotmail.com,1978-04-09
768-18-0028,aaronmoss,Erin,Thomas,F,"PSC 5914, Box 0666",,,ashleyweber@yahoo.com,1964-04-18
492-09-0013,uwillis,Joyce,Howard,F,450 West Underpass Apt. 338,GU,14928,ashleypope@hotmail.com,2023-09-07
673-20-8619,santosheather,Arthur,Gallagher,M,5540 Stephanie Island,AZ,61524,christopherrandall@hotmail.com,1962-04-03
009-05-5270,ericthomas,Christopher,Burgess,M,75698 Ray Manors,GA,76205,justinnorris@hotmail.com,1980-08-13
047-38-1198,jennifer25,Victor,Malone,M,89265 Kayla Mall,WA,53068,randalldavis@hotmail.com,1963-05-15
475-87-5012,justinrodriguez,Jessica,Anderson,F,323 Vasquez Village Apt. 866,ND,62196,msnyder@hotmail.com,1938-01-28
490-92-2298,lisawest,William,Willis,M,5740 Gonzalez Creek,FL,13777,micheleguerrero@gmail.com,1958-06-16
803-36-1371,ehayes,Michael,Yates,M,050 Hernandez Drive,AL,84973,biancawood@yahoo.com,1912-05-06
706-13-9523,grahamgeorge,Harold,Hardy,M,9135 Katherine Gardens Apt. 464,DE,43148,deborah51@yahoo.com,1987-09-15
281-63-1616,bruce16,Mark,Steele,M,93421 Alan Lights Apt. 894,MH,00667,bradleydiaz@hotmail.com,1995-11-30
579-15-8825,carneynicole,Michael,Carpenter,M,991 Gerald Islands Suite 202,ME,43646,ritayoung@yahoo.com,1969-03-05
758-72-4673,jessica73,John,Wells,M,24468 Wilson Circle Suite 814,KY,85277,charlesgarcia@yahoo.com,2024-12-28
453-50-4612,xshepherd,Brenda,Hill,F,593 Matthew Valleys Apt. 643,IA,89541,adammontgomery@hotmail.com,2004-06-09
408-69-5670,nathanrhodes,Melissa,Gray,F,036 Elizabeth Drives Suite 655,MI,64606,donaldgarza@gmail.com,1930-09-21
579-46-9356,tanyakemp,Beth,Arellano,F,3585 Tanner Mission Suite 928,NM,91034,ldoyle@hotmail.com,1916-08-02
362-34-2296,tsmith,Henry,Miller,M,888 Dawn Estate,PA,52365,molly64@hotmail.com,1935-06-23
559-66-7700,bonddean,Anne,Kelley,F,0345 Justin Ford Apt. 063,GA,46615,autumnyoung@hotmail.com,1938-02-01
557-08-4915,jeffrey73,Roger,Anderson,M,1900 Bradley Skyway Suite 346,WY,83697,mandystone@hotmail.com,2019-12-05
324-66-7716,sarahwarren,Troy,Williams,M,72960 Kelly Trafficway,ND,69072,gardnermichael@gmail.com,1939-06-20
069-25-3896,ecallahan,Sarah,Holt,F,"PSC 5244, Box 1754",,,millerfrancisco@hotmail.com,1959-02-25
392-79-6259,phyllis60,Chelsea,Adams,F,560 Cynthia Summit Apt. 271,MN,51695,kelseydavis@gmail.com,1946-12-03
738-81-6522,jackgrant,Natalie,Hodges,F,920 Michael Isle Apt. 811,MA,98629,fjohnson@yahoo.com,1975-03-11
415-16-2259,lawrence77,Alexis,Gomez,F,364 Alicia Manor Suite 444,TX,19554,charles45@gmail.com,1919-06-20
033-61-5520,nguyenjonathan,Christopher,Wiley,M,9303 Tommy Roads,TN,67524,andrewdavila@gmail.com,2009-04-04
229-70-6266,aclayton,Julie,Foley,F,56747 Michael Road Apt. 375,WY,24471,brookecampbell@hotmail.com,2017-12-10
349-69-0514,hensleyrobert,Mckenzie,Ryan,F,Unit 4441 Box 8954,,,dorothy32@yahoo.com,1981-10-01
779-22-7090,theodoreschroeder,Scott,Brooks,M,09671 Roger Estate Suite 793,PA,16326,michaelrice@gmail.com,1973-12-25
561-03-8356,travisporter,Jessica,Marks,F,72214 Gomez Junction,TX,19456,cibarra@hotmail.com,1996-02-28
647-42-1911,david62,Shelly,Barnes,F,5011 Guzman Land Suite 233,NH,78475,seth05@yahoo.com,1932-11-19
661-18-5051,james33,James,Carrillo,M,69057 Lisa Rapid Apt. 515,WA,99132,brianlarson@gmail.com,1928-05-26
432-92-2802,gloriaelliott,Nicole,Stewart,F,10379 Joseph Inlet,MO,51664,lindahernandez@yahoo.com,1975-08-17
629-62-7624,howardmichael,Todd,Miller,M,22686 Robert Crest,SC,98810,fwilcox@hotmail.com,1945-01-29
517-04-2702,brent04,Susan,Sanchez,F,9228 Hernandez Extensions,MD,51406,hendrixadrienne@yahoo.com,1949-04-11
375-65-9280,samanthanolan,Katie,Schultz,F,04001 Tyler Valley Suite 050,GA,63590,jamieray@gmail.com,1971-03-01
543-27-5943,tanya70,Nathan,Miranda,M,1200 Daniel Path,IA,15614,rmiller@yahoo.com,1946-06-30
203-94-2203,lmiller,Sean,Hunt,M,758 Jonathan Wells Apt. 665,UT,48130,colemanjennifer@yahoo.com,2020-05-07
878-52-3271,vanessa06,Mason,Woodward,M,26498 Sharp Points,ME,07924,lbarnes@yahoo.com,1980-10-07
860-58-3417,joanna77,Micheal,George,M,7080 Thomas Villages Apt. 410,HI,39478,jenniferbradford@gmail.com,2019-02-10
742-82-2021,watsonsteven,Duane,Olson,M,301 Deanna Roads,KY,36906,jdavis@hotmail.com,1957-06-21
688-73-1501,parksmary,Joseph,Lowery,M,985 Tucker Stravenue,ND,02967,connie14@hotmail.com,1965-11-08
157-73-0837,dtucker,Samantha,Holloway,F,5775 Dawn Light Suite 788,NE,07912,rvasquez@gmail.com,1966-01-28
809-65-8983,leecindy,Scott,Moore,M,626 Ryan Causeway,ND,60984,wmartin@gmail.com,1935-11-14
444-90-5590,christina76,Donald,Delacruz,M,114 Lee Streets Apt. 439,HI,58913,jason50@gmail.com,1959-05-15
355-32-3716,alyssakramer,Danielle,Reynolds,F,06244 Carrie Walks,AR,34415,imeyer@hotmail.com,1936-06-24
311-32-9012,sheila56,Michael,Estes,M,211 Boyer Point,IN,14138,dustinnorris@yahoo.com,2012-01-09
193-89-6097,jessicabailey,Mrs.,Wendy Mills,F,64104 Kristen River,WV,86346,traviscampbell@hotmail.com,2009-12-17
576-53-1575,herrerajason,Molly,Jones,F,417 Reid Island Suite 681,OK,34936,lopezjennifer@yahoo.com,2016-01-17
631-32-9871,wsuarez,Michael,Mcneil,M,92991 Byrd Grove Apt. 468,WA,25944,nathan48@hotmail.com,1912-08-17
286-99-9046,stephensimpson,Erika,Short,F,6912 Patrick Freeway Apt. 662,GU,20012,youngcarlos@gmail.com,2008-04-15
142-57-0983,anthony73,Elizabeth,Parrish,F,Unit 6729 Box 7965,,,jorge58@hotmail.com,1915-10-07
114-14-5578,ortegaryan,Wanda,Carter,F,57188 Michael Cliffs,PA,76201,martinezmary@yahoo.com,1969-09-18
126-45-2311,nhughes,Danielle,Garcia,F,480 Rivera Well,ME,30936,brianmartin@hotmail.com,1953-01-21
080-34-9026,jmoore,Tina,Graham,F,026 Byrd Prairie Apt. 955,MO,35782,amitchell@hotmail.com,1923-08-14
086-19-3295,darlene06,Danielle,Williams,F,04974 Anderson Drives,NH,59454,jhernandez@yahoo.com,2007-06-07
516-96-4098,dcortez,Barbara,Heath,F,5883 Ryan Skyway,MO,91330,taylorapril@yahoo.com,1934-07-27
615-52-7993,mooneyraymond,Victoria,Greer,F,3108 Alexander Shore,TX,53269,marymorrow@gmail.com,2007-03-28
038-09-2931,cantualyssa,Luis,Moore,M,8656 Morgan Squares Suite 865,AS,99315,morganclinton@yahoo.com,1979-12-03
152-52-7326,lauramarquez,Ian,Nelson,M,5599 Michael Junctions Apt. 721,WI,71712,kellyhorne@hotmail.com,1921-08-18
235-54-3879,jennifer44,William,Price,M,869 Miller Motorway,IA,78281,stacylee@yahoo.com,1992-09-27
496-76-6292,kristintucker,Susan,Sherman,F,470 Gardner Hollow Apt. 811,MA,71913,ashleywalker@gmail.com,2024-10-29
650-14-1768,johnsonheather,Jason,Rodriguez,M,"PSC 8601, Box 4088",,,ortegakevin@hotmail.com,1975-03-31
634-10-6414,charlesschwartz,Desiree,Baker,F,1038 Johnson Cove Suite 251,GU,22903,david97@gmail.com,1939-07-01
192-73-3335,yharris,Mark,Lopez,M,8265 Thomas Shores Suite 735,RI,32039,snowdevin@gmail.com,1974-10-12
676-13-1076,kevinpruitt,Whitney,Williams,F,7473 Andrea Drives,MN,14406,jacquelinesimpson@yahoo.com,1916-11-19
732-06-3881,zhines,John,Gibbs,M,91402 Jason Cliffs Apt. 948,IA,59271,michaelgarrett@gmail.com,1977-07-02
535-42-4761,james20,Michelle,Paul,F,733 Hurley Circles Apt. 351,PA,21371,rogerjohnston@hotmail.com,2001-10-24
177-78-1563,fergusonjared,Kevin,Russell,M,2089 Amy Manor Apt. 796,NE,16453,tannerbrianna@hotmail.com,1948-08-22
628-13-9646,gsmith,Mark,Martin,M,31945 Chapman Walks,VT,03782,uflores@gmail.com,1978-08-09
420-50-1215,jhernandez,Johnathan,Simon,M,137 Shannon Club Suite 255,MD,19611,bradshawamanda@hotmail.com,1979-11-30
412-35-3284,marissamiller,Matthew,Mckinney,M,5961 Willis Square Suite 367,OK,83133,kylierosales@gmail.com,1934-04-16
683-94-2479,miaward,Gary,Kirby,M,6838 Wilson Corner Apt. 902,MN,28140,ufox@hotmail.com,1918-10-29
472-37-6580,yarmstrong,Nicolas,Martin,M,9538 Douglas River,TX,62366,rdavis@yahoo.com,1918-02-13
636-51-4976,bmiller,Becky,Johnson,F,4031 Andrews Village Apt. 877,IL,82041,briancaldwell@hotmail.com,2014-07-01
067-48-7105,romerojuan,Jeremy,Phillips,M,214 Jessica Groves,PR,91805,brittanysmith@yahoo.com,1917-12-27
317-04-6311,hfranco,Erin,Klein,F,089 Bowman Extensions,GU,95904,webbjonathan@hotmail.com,1949-03-17
878-69-9350,nnelson,Steven,Mcbride,M,USS Ochoa,,,smithlauren@gmail.com,1936-11-10
291-47-8821,robertthomas,Lisa,Olson,F,554 Jillian Course,WY,64085,johnsoncarl@gmail.com,1999-08-24
578-12-5022,hernandezrobert,Stephen,Evans,M,12047 Wise Mews,MH,37429,lance93@gmail.com,1928-01-24
430-97-1375,fbartlett,Andrea,Andrews,F,620 Sanders Summit Suite 382,NY,95796,natalie15@yahoo.com,1929-10-15
439-89-9479,jwatson,John,Kelly,M,94671 Byrd Via Suite 866,AS,72793,riveratiffany@yahoo.com,2018-11-04
202-54-1621,jeffrey00,Aimee,Perez,F,941 Nelson Motorway,MA,49046,marydrake@yahoo.com,2020-07-05
871-42-7278,rebeccasutton,Katie,Rivera,F,69812 Jennifer Via Suite 901,NM,39622,andersonlarry@gmail.com,1959-09-10
614-13-3842,kathleen24,Cameron,Hernandez,M,04378 Dixon Roads,NE,29823,howardjohnny@yahoo.com,1968-01-18
189-84-6682,lisa11,Darrell,Brady,M,175 Rebecca Heights,MO,91222,randy03@hotmail.com,1927-02-02
047-52-5447,kfields,James,Barnett II,M,30044 Wilson Dale Apt. 480,RI,66574,maureen12@yahoo.com,1940-08-16
131-58-9394,evansbrian,Kenneth,Hanson,M,4568 Alison Gardens Suite 493,ID,67716,rmatthews@hotmail.com,1993-05-01
876-91-3589,garrett78,Larry,Mendoza,M,7765 Dale Inlet Apt. 881,LA,26548,cfleming@gmail.com,1956-10-12
305-14-8829,deborah28,Melissa,Salinas,F,971 Audrey Hill,HI,68023,tiffany74@gmail.com,1940-06-27
766-52-4945,edward80,Megan,Collins,F,53213 White Mountains Apt. 430,IA,32666,evazquez@yahoo.com,1982-10-24
589-40-5883,sarah69,Samantha,Walter,F,17791 Black Viaduct,NH,88662,reidalexander@hotmail.com,1923-04-13
494-22-4133,anthonyclark,Robert,Sanford,M,1318 Roberts Prairie,TX,53118,catherine94@gmail.com,1976-07-09
656-31-8439,syates,Dean,Durham,M,694 Katherine Lock Apt. 144,LA,55428,gmason@hotmail.com,1955-10-18
298-77-4601,kevin79,Edward,Herring,M,265 Daniel Canyon,MN,29002,sharon83@hotmail.com,1979-12-23
354-80-8908,dawn55,Carrie,Hall,F,5515 Turner Ranch Suite 996,OR,53287,millerdaniel@hotmail.com,1935-11-16
376-96-2123,cynthia46,Christopher,Schultz,M,Unit 9750 Box 2125,,,nhansen@gmail.com,1982-10-26
202-81-9617,lawsoneugene,Darren,Alexander,M,67790 Brandon Wells Apt. 209,FM,92577,sblankenship@gmail.com,1964-06-08
033-89-8514,allisonfrank,Sarah,Bautista,F,34677 Alicia Village,NE,85514,simssusan@gmail.com,2013-09-26
033-24-4336,carrillocarlos,Nicole,Clements,F,274 Smith Route Apt. 148,MD,90880,nharris@hotmail.com,1944-05-25
585-02-8789,susanwilliams,Danielle,Johnson,F,6317 Alexander Courts,AK,79066,jacquelinebrown@gmail.com,2016-02-11
725-72-6741,robbinsvanessa,Beth,Leonard,F,806 Patricia Burg,MO,29377,chase26@gmail.com,1952-03-04
480-70-0570,andrewgriffin,Matthew,Ewing,M,2039 Morales Burg,TN,40467,kristen83@hotmail.com,1996-05-07
699-96-8533,jameskenneth,Lisa,Thomas,F,462 David Mission,MO,73300,jhayes@hotmail.com,1914-02-05
877-14-0582,ashley47,Brandi,Mcintosh,F,1842 Dakota Divide,CO,80707,joelfreeman@yahoo.com,1932-06-07
514-44-7730,mmason,Philip,Smith,M,357 Brianna Crossing,NJ,65409,georgethompson@gmail.com,1942-09-22
403-02-6748,wilsontiffany,Stephen,Decker,M,USCGC Boyer,,,rjones@yahoo.com,1978-02-17
812-53-7311,mmorris,William,Smith,M,696 Stephen Via,CT,08098,gregorygarcia@yahoo.com,1963-07-25
695-42-0658,louisschroeder,Gary,Franklin,M,476 Sherry Isle,TX,91191,jmiller@yahoo.com,2013-07-12
592-72-7569,kathryn57,Cathy,Lee,F,37937 Manning Coves Suite 503,WY,81595,harristyler@yahoo.com,1961-09-02
589-46-9245,wbarber,Chris,Goodwin,M,2661 Campbell Ville,NY,26256,matthewcarter@gmail.com,2005-07-04
852-92-9578,maria52,Tyler,Bridges,M,3898 Heather Shore Suite 804,NH,94831,brianmartin@hotmail.com,2017-09-24
249-25-7537,elizabeth83,Eric,Romero,M,226 Mcbride Causeway,AS,69188,alexander47@gmail.com,2021-09-13
389-60-1114,kathrynsmith,Kristin,Weiss,F,09848 Wilson Ridge Apt. 795,IN,03973,jodycampbell@hotmail.com,2004-05-10
088-30-3706,connie75,Richard,Bryan,M,53834 Wilcox Tunnel,GU,56706,mlin@hotmail.com,1912-12-18
086-43-7380,sarahedwards,Kimberly,Johnson,F,580 Grant Plains,AK,02739,tararichardson@hotmail.com,1914-07-07
287-30-7798,codonnell,Valerie,Fowler,F,109 Bradley Hill Suite 904,ID,37125,keith28@gmail.com,1964-08-18
181-03-0172,mikaylalynch,Cathy,Brock,F,317 Meghan Shoals Apt. 976,MO,07485,jbrown@gmail.com,1911-05-27
805-53-1177,matthew05,Bryan,Walker,M,238 Howard Village,MA,83143,riceeric@hotmail.com,1995-12-30
480-03-3214,ibarr,Brett,Watson,M,"PSC 8397, Box 9466",,,davismichelle@hotmail.com,2023-06-15
574-25-4613,danielharrison,Anthony,Garcia,M,4983 Robinson Road Suite 320,MN,02408,jonathan36@gmail.com,1947-08-29
224-74-7332,aarongraham,Todd,Delgado,M,79443 Stevens Plaza Suite 762,CO,64623,ostephens@hotmail.com,1970-02-06
231-49-1519,melissapoole,Christopher,Reyes,M,17581 Timothy Ridges,FL,21268,vmurphy@yahoo.com,2008-08-02
784-11-2730,cody01,Aaron,Jones,M,38603 Mcclain Parks,AK,56510,usmith@hotmail.com,2025-01-18
682-81-9235,gallagherdavid,Grant,Wilson,M,5513 Newman Fork,DE,35525,qshepard@gmail.com,1949-08-15
869-31-2633,rross,Matthew,Smith,M,099 Sullivan Green Suite 797,MN,31442,aschmidt@yahoo.com,1924-12-14
443-64-1883,morgan97,Alexander,Lamb,M,43803 Houston Prairie Apt. 022,AK,68053,meyersheather@hotmail.com,1923-05-11
441-35-6035,bvazquez,Jeremy,Kim,M,57536 Madison Bridge,PR,28057,michele10@hotmail.com,1931-10-22
174-28-9252,whiteshawn,Christina,Jones,F,99307 Wright Mountain Suite 207,NE,89605,waguilar@yahoo.com,2016-11-02
063-70-0827,matthew80,Amanda,Sims,F,609 Sara Crest,MO,10192,brandi46@hotmail.com,1947-08-10
825-30-6541,kelsey98,Tina,Mcneil,F,982 Jacqueline Alley,PR,07912,shelly76@gmail.com,1956-05-19
359-31-0640,josephlee,Pamela,Jones,F,082 Stewart Centers Apt. 378,IN,98427,fjohnson@yahoo.com,1991-01-16
615-49-0746,omarfernandez,Jasmine,Garner,F,21894 Christopher Stream,VI,90133,john24@yahoo.com,1953-02-15
879-17-3209,burnsrebecca,Patricia,Martin,F,1225 Miller Drive Suite 005,VI,25909,relliott@gmail.com,1976-03-04
399-88-2086,jenniferfoster,Mitchell,Spence,M,284 White Roads,PR,40498,benjamin27@hotmail.com,1939-10-14
174-03-9920,susancarson,Deborah,Berry,F,03517 Megan Islands Suite 598,TX,13506,reynoldsdavid@yahoo.com,2021-11-17
484-72-2297,jeffreymartinez,Jamie,Coleman,F,Unit 9422 Box 9836,,,uvasquez@yahoo.com,1930-11-03
645-52-3894,jeremy54,Christine,Matthews,F,21504 Rich Villages,NE,88524,zachary47@hotmail.com,2024-10-08
073-36-2400,jason72,Dennis,Martin,M,1876 Booker Canyon,WI,23683,ramseylucas@hotmail.com,1913-04-10
583-25-3013,brian13,Jake,Price,M,61448 James Rapid,AL,78187,adambeck@gmail.com,2010-07-11
381-86-3014,flowersvicki,Stephen,Hunt Jr.,M,11688 Heidi Islands,WY,78869,nicholas39@yahoo.com,1986-05-27
609-38-9426,zgomez,Shaun,Johnson,M,2574 Douglas Locks,OK,08336,amber92@hotmail.com,1980-11-02
607-43-8328,destinygonzalez,Melinda,Allen,F,736 Reese Loaf,FL,60678,bross@hotmail.com,1921-02-12
206-99-1372,madeline48,Scott,Duncan,M,"PSC 9200, Box 2812",,,rvalentine@hotmail.com,1995-02-01
555-92-7468,caldwelltyler,Jeffery,Torres,M,945 Shannon Village Suite 545,NC,27128,joseph31@gmail.com,2023-04-21
125-51-3883,ylittle,Sharon,Harvey,F,900 Cynthia Spring,GU,10212,lauragray@gmail.com,1922-07-15
674-94-0222,kimberly25,Linda,Rojas,F,0836 Marks Extensions,MO,32943,theresa07@gmail.com,2017-09-04
341-69-5722,smartinez,Michele,Butler,F,8596 Duncan Forge Apt. 563,FL,72000,derekwaller@gmail.com,1917-10-15
165-93-3480,ufreeman,Ryan,Meyer,M,33020 Hayes Burg,NY,04010,gonzalezdanny@gmail.com,1948-03-17
022-68-9469,idougherty,Christopher,Sanders,M,9267 Bolton Mills,FM,90645,gardnermargaret@yahoo.com,1977-06-22
416-20-0564,richardsconnie,Laurie,Patel,F,USNS Villa,,,matthewwarner@yahoo.com,1912-10-18
438-33-3286,amyjordan,Kimberly,Hughes,F,Unit 0977 Box 2600,,,catherinecastro@gmail.com,2005-05-13
720-05-1352,davidbeck,Angela,Black,F,255 Todd Plaza Suite 377,OK,34126,rodriguezdavid@gmail.com,1916-02-02
376-85-0310,derekrobbins,Felicia,Cortez,F,5558 Hayden Branch Suite 823,KS,93627,jesustate@hotmail.com,1983-12-17
356-17-8321,carla52,Tiffany,Burch,F,323 William Gateway Suite 361,RI,49766,martinjasmine@yahoo.com,1928-11-20
545-44-6311,amymiller,Jennifer,Chavez,F,296 Kevin Manors Apt. 308,MS,97211,tsmith@hotmail.com,1984-12-06
456-08-5037,pattersonchristine,Ricky,Franco,M,4319 Alexandra Roads Suite 461,VA,25050,tclark@hotmail.com,2020-11-18
121-89-3696,chad19,Stephanie,Butler,F,4439 Nicole Way,KS,70965,jefferywalker@gmail.com,2015-11-18
007-10-3064,paul24,Andre,Sloan,M,28685 Evans Springs,LA,85648,kjordan@gmail.com,2007-12-29
272-68-6062,mark70,Christina,Torres,F,8606 Steele Inlet,VA,82577,knightmichael@hotmail.com,2018-07-10
767-82-8138,john11,Joseph,Sanders,M,168 Reilly Lights,PR,31570,pmay@hotmail.com,1954-04-19
639-20-8472,michael81,Clayton,Becker,M,63085 Briana Flats Suite 222,KS,49404,mnichols@hotmail.com,1925-04-21
290-99-9360,fischerconnie,David,Lopez,M,80531 Jocelyn Terrace,MN,33433,tim22@hotmail.com,1961-02-23
854-71-6764,lle,Jessica,Guzman,F,2183 Mcdonald Summit,MO,27088,baileyjonathan@hotmail.com,1993-03-03
606-20-1906,afreeman,Rebecca,Allen,F,827 Jason Island,PA,29406,cherylbuckley@gmail.com,1958-03-24
026-13-3981,krausepaige,Beth,Mcclure,F,2135 Ralph Ford Suite 117,AK,88964,nicholsryan@yahoo.com,1916-06-10
740-93-5694,christinaroth,John,Odom,M,91607 Sparks Pass Apt. 297,TN,13533,ybuckley@hotmail.com,1923-01-14
442-41-2667,collinsbarbara,Joshua,Parks,M,28950 Harry Locks,OH,36874,christiankimberly@yahoo.com,1934-02-15
267-75-3260,blakemelissa,Juan,Phelps,M,31565 Matthew Views Apt. 927,MA,99731,kristen00@yahoo.com,1961-09-15
015-71-1850,vhurley,Robert,Hall,M,919 Lindsey Mills,VA,45969,chelsea83@gmail.com,1929-11-16
200-19-6632,shafferjonathan,Mark,West,M,770 Kevin Cliffs Suite 506,WI,70910,christina98@gmail.com,1996-08-20
815-31-6054,shelbyperez,Mr.,Eric Kennedy,M,02465 Elizabeth Glen,AK,21756,xsmith@gmail.com,1996-03-26
648-37-9141,amandagardner,Laura,Skinner,F,905 Goodwin Glen Apt. 610,IN,74311,lhutchinson@gmail.com,2004-09-11
177-99-9004,lburns,Natasha,Smith,F,6149 Kristen Inlet,ID,82642,alicia26@hotmail.com,1956-08-16
066-55-2417,craig48,Jerry,Woods,M,0885 Davis Roads,TN,42325,robertgarza@gmail.com,1986-07-28
753-27-8678,ibryant,Jessica,Guzman,F,23008 Walls Mountains Apt. 952,PW,94336,garciacristina@hotmail.com,1978-01-15
315-37-8577,jedwards,Brian,Boyd,M,7458 Davila Throughway,SC,18004,waynewilson@gmail.com,1942-11-27
492-69-2873,pforbes,Jay,Kelley,M,813 Michele Summit,DE,78634,martinmichael@hotmail.com,1922-07-08
804-69-0232,jturner,Ana,Shields,F,225 Cameron Fords,VT,16461,amandamills@hotmail.com,1945-04-26
663-76-5370,eanderson,Jermaine,Castaneda,M,1139 Melinda Canyon Suite 675,AR,25451,jameslandry@gmail.com,1912-07-28
261-20-1035,poconnor,Michael,Cohen,M,71567 Williams Ville Suite 883,MI,19427,jessica17@gmail.com,1938-05-26
046-02-0898,jsandoval,Ruth,Rodgers,F,Unit 5205 Box 0366,,,basscynthia@yahoo.com,1955-04-16
311-76-3196,sharon06,Amanda,Garcia,F,70035 Mcbride Wall Suite 981,CT,77106,ewalker@hotmail.com,1937-06-09
810-47-0768,nwilliams,Brenda,King,F,194 Giles Mews Apt. 405,SD,43826,meagan85@yahoo.com,1975-11-06
133-44-0806,marksnathaniel,Stacy,Murphy,F,3345 Greer Valleys,NJ,74946,rodriguezmegan@yahoo.com,1931-03-19
544-01-8926,sharrison,Elizabeth,Johnson,F,0456 Atkinson Ways,KY,05628,williamsmichael@gmail.com,1938-09-11
380-66-3766,claire64,Glenn,Soto,M,31736 Mark Point Suite 487,VI,02573,alexiszhang@yahoo.com,1980-07-26
694-63-7016,nicole71,Richard,Wolfe,M,990 Brown Meadows,GU,28235,curryfrancisco@yahoo.com,1933-07-14
180-83-3983,ealexander,Aaron,Guzman,M,3215 Cassandra Island,AS,76558,qbrooks@hotmail.com,2010-08-26
350-64-5005,tward,Megan,Krueger,F,17115 Martin Estate Suite 758,CT,52148,robert99@gmail.com,2023-12-13
571-67-6855,whitney78,Jose,Ruiz,M,4823 Hayes Heights,KY,26418,pboyd@gmail.com,1913-06-14
657-88-1351,grussell,Renee,Lara,F,635 Banks Harbors,AK,53922,ecooper@gmail.com,1928-10-18
045-37-4387,douglas60,Sandra,Parker,F,018 Lisa Spring Suite 475,PA,07753,ngray@yahoo.com,1940-12-11
168-91-6628,kristawoods,Mr.,George Rivas,M,Unit 4912 Box 7572,,,mjohnson@hotmail.com,1911-12-03
388-82-8372,henrycorey,Amber,Diaz,F,58133 Young Lakes Apt. 830,OK,49689,craig02@yahoo.com,1940-05-29
802-05-9166,jasmine93,Yolanda,Graham,F,66923 Steele Knolls,OR,45949,lisaparsons@yahoo.com,1913-11-19
297-31-2353,hamiltonlindsey,Thomas,Johnson,M,Unit 1276 Box 7026,,,ehart@yahoo.com,2021-03-18
328-73-8253,martinrichard,Hannah,Miller DDS,F,62022 Adams Freeway Suite 882,TX,04027,kellywhite@yahoo.com,1964-09-10
167-87-1162,andersontammy,Julie,Harrington,F,380 Torres Pines Apt. 268,OR,24715,jbrown@yahoo.com,1909-10-20
108-50-1672,francisco11,Dominic,Carson,M,68246 Howard Point,NJ,10025,fishernicole@hotmail.com,1911-03-03
880-62-0562,benjamin55,Mark,Hudson,M,596 Kyle Stravenue Suite 377,NM,50043,anthonyosborne@gmail.com,1949-01-06
508-69-7847,marc87,Jeffrey,Jones,M,21236 Denise Village Apt. 814,AR,12942,pjohnson@yahoo.com,1973-07-29
617-16-4109,hudsonadam,Kyle,Lee,M,0318 Amber Harbors Suite 085,MI,54236,kristenandrews@gmail.com,1973-08-27
065-11-0804,allisonmolina,Monique,Davis,F,Unit 4199 Box 3298,,,cunninghamlisa@hotmail.com,1948-01-16
045-40-5467,bfox,Jennifer,Miller,F,53224 Carter Skyway,PR,60691,joseph74@hotmail.com,2022-07-11
317-67-3038,jordanjessica,Tonya,Reeves,F,3470 Kyle Alley Apt. 697,IL,13010,rebeccacoleman@yahoo.com,1989-01-29
549-53-9144,jmiles,Christopher,Robertson,M,1151 Wilson Square Suite 595,FM,81665,thompsonjasmine@hotmail.com,1988-02-16
738-19-3040,clayton04,Jill,Johnson,F,97121 Porter Village Apt. 957,RI,17979,justin55@gmail.com,2019-01-31
300-59-5819,jennaturner,Crystal,James,F,527 Linda Crossing,DE,53643,stanleykristin@hotmail.com,1982-07-05
059-41-8236,jeffreywebb,Daniel,Rodriguez,M,66933 Moore Parkways Suite 111,CT,63659,ashleyglass@yahoo.com,1970-09-08
395-01-9964,williamflores,Anita,Larsen,F,83977 Lane Mount,SC,84937,nicolemckinney@gmail.com,1951-07-10
894-91-5827,shepherdmichael,Jose,Warren,M,5553 Coleman Turnpike Apt. 865,NE,07969,garciakeith@yahoo.com,1983-01-25
602-45-7601,aguilarjoseph,George,Ochoa,M,69368 Sanchez Brooks Apt. 567,VA,89731,gouldrebekah@gmail.com,2006-02-17
420-34-5230,johnny11,Austin,Keller,M,USNV Lindsey,,,qroberts@yahoo.com,1922-12-31
584-78-0868,michael87,Leslie,Walters,F,47336 John Junctions,MN,90304,walshchris@hotmail.com,1940-01-22
400-31-0359,omalone,Jeffrey,Deleon,M,7215 Jessica Inlet,IA,29614,leearthur@hotmail.com,1965-04-19
695-77-9828,whammond,Robert,Jackson,M,5037 Oscar Flats,WY,44338,davidadams@gmail.com,1989-07-19
093-65-6650,ryan32,Thomas,Peters,M,422 Rogers Track Suite 101,VI,84707,charlesherrera@gmail.com,2023-08-28
081-50-1480,torresrachel,April,White,F,329 Sanchez Valley,CA,71784,ashley18@hotmail.com,1919-03-10
104-21-0403,gmcclain,Robert,Cox,M,49954 Nichols Springs,MD,23340,fowleramanda@yahoo.com,1916-12-07
347-18-5219,fcunningham,Willie,Orozco,M,0254 Kyle Trace Apt. 186,AL,34951,dana30@yahoo.com,2012-03-26
298-31-7959,rfarmer,Madeline,Griffin,F,8054 Garcia Mountain Suite 771,GU,85320,dlee@hotmail.com,2002-06-09
003-76-1415,jonesjohn,Matthew,Hess,M,120 Ramirez Dale,NY,98209,umurray@gmail.com,2011-07-14
553-11-0726,amandaprice,Mrs.,Natalie Richmond MD,F,543 Morgan Trail Apt. 504,ND,15324,swatts@gmail.com,1917-09-05
694-60-2761,haynesnicole,Krystal,Lloyd,F,262 Barrera Meadows,KS,46255,lisagarcia@gmail.com,2003-10-17
831-86-8340,meghan70,Sandra,Roth,F,603 Anne Tunnel Suite 839,CA,41187,broberts@yahoo.com,1929-08-21
263-98-6625,xhernandez,Kenneth,Sims,M,386 Jeremy Locks,RI,65981,laura56@yahoo.com,1912-02-11
116-34-0132,christophersanders,Jillian,Moore,F,053 Contreras Rest,SD,70143,ashleytaylor@gmail.com,1982-11-03
833-44-4157,msimpson,James,Hatfield,M,402 Dunn Dam,AR,51698,ywilson@hotmail.com,2001-11-03
798-85-3092,steven55,Erica,James,F,7409 Christopher Plains Apt. 888,FL,42700,tporter@gmail.com,1919-10-11
334-02-8673,elizabeth57,Elizabeth,Peterson,F,78693 Smith Route,WI,02338,austinheidi@yahoo.com,2010-12-29
225-62-3871,kirbyamy,Ashley,Payne,F,USNS Green,,,kimgibson@hotmail.com,1935-10-17
736-10-0487,burnsvanessa,Maria,Livingston,F,449 Vargas Brook Apt. 706,TN,60428,jessicamccullough@yahoo.com,1968-08-05
810-91-7474,tyler27,Ronald,Dyer,M,206 Hanson Haven Suite 246,FM,48130,natalieowens@hotmail.com,1955-02-04
434-36-2213,matthewsjennifer,Andrew,Johnson,M,263 Mcbride Station,WV,80337,agonzales@hotmail.com,1982-03-18
612-88-5842,gregorypatterson,Mark,Davis,M,10198 Jenkins Summit Apt. 999,TX,96557,chamberstom@gmail.com,2023-11-17
415-12-6318,robertwall,Heather,Floyd,F,12913 Holt Mountain,MI,97149,jessicajoseph@hotmail.com,2024-03-10
053-08-0526,iodom,Jacob,Hamilton,M,1812 Myers Drives Apt. 529,NJ,68204,claytonderek@hotmail.com,1951-08-24
862-10-7329,jenniferwheeler,Craig,Cunningham,M,447 Sara Fork Apt. 330,CO,31077,vsingleton@hotmail.com,1969-12-15
468-86-6428,marilynward,Arthur,Burgess,M,003 Kathleen Well,DE,53358,jeffreyjordan@gmail.com,2023-05-31
235-80-8201,davidwilliams,Phillip,Henderson,M,441 Kathryn Corner Apt. 074,WA,85868,iward@gmail.com,1973-10-27
142-49-4173,twilliams,Christine,Watkins,F,64543 Dorothy Flats Apt. 114,UT,64683,xcarpenter@yahoo.com,1957-10-28
627-22-1711,nathanthompson,James,Harris,M,353 Traci Circle Suite 424,FM,72695,christophermueller@gmail.com,2007-01-31
147-96-0084,davidmiranda,Erika,Hayes,F,USNV Rowland,,,estradaamanda@yahoo.com,2021-11-22
038-63-6928,marcus80,Earl,Salas,M,221 Bailey Plains Suite 167,MS,66541,wturner@hotmail.com,1980-07-30
649-34-3159,kristina43,James,Joyce,M,567 Benson Drive,OR,97973,johnstrong@yahoo.com,1940-07-18
704-52-8442,denisesmith,Stacy,Cameron,F,43968 Willie Hollow,PW,84128,finleykara@hotmail.com,1948-01-04
413-05-3450,davisbrett,Morgan,Neal,F,2868 Shannon Key Apt. 188,NJ,13356,mariaguerrero@yahoo.com,1976-11-11
549-40-2431,lrivera,John,Young,M,7986 Johnson Forge Suite 388,MI,09604,anthonyriddle@hotmail.com,1954-04-07
617-42-9631,qgarcia,Susan,Garza,F,8253 Chapman Dale,AR,12256,adrienne74@hotmail.com,1923-03-07
536-25-4701,harrismary,Timothy,Price,M,38832 Smith Mall,MS,95247,oanderson@gmail.com,2023-01-20
833-30-6840,jasonhernandez,Kelly,Duarte,F,1727 Adam Crossing Suite 900,WV,28503,mccarthychristopher@gmail.com,1994-10-15
511-26-6961,thorntonchad,Timothy,Campbell,M,6003 Davies Stream Suite 001,AL,34791,qfranklin@hotmail.com,1958-07-18
563-87-5897,crodriguez,Joseph,Bell,M,6398 Vargas Crescent Apt. 292,DC,17949,carlmueller@hotmail.com,1919-10-17
016-66-3314,mark83,Jessica,Perez,F,2444 Evans Track,PA,82545,sarahmcdowell@yahoo.com,1964-11-22
022-47-7464,hayesjohnny,Stephanie,Jimenez,F,"PSC 1182, Box 0107",,,starklisa@gmail.com,1973-12-06
501-18-3526,perkinsbrenda,Kayla,Bell,F,USCGC Nelson,,,elizabeth16@gmail.com,1917-06-03
454-31-0971,vickiwoods,Justin,Combs,M,USS Joyce,,,melvinvargas@hotmail.com,2018-08-19
140-60-4964,rebecca98,Susan,Benson,F,998 Caldwell Plains Apt. 726,MO,71930,triciawalters@hotmail.com,1912-05-02
446-61-1581,aaron37,Daniel,Vasquez,M,054 Gray Radial,MI,93569,paul50@hotmail.com,1933-01-18
718-34-9250,jkeller,Brianna,Mullins,F,4406 Lowe Vista Suite 656,WY,23443,sflores@yahoo.com,1936-02-29
630-33-1613,frazierwayne,Justin,Larson,M,58164 Emily Courts,LA,07455,qramirez@gmail.com,1968-01-19
682-79-4268,rileydouglas,Beth,Powers,F,"PSC 4140, Box 8556",,,matthewgraham@yahoo.com,1971-01-13
414-41-2063,moorejonathan,Chad,Johnson,M,USS Hunt,,,cheyenne07@gmail.com,1948-06-08
477-50-1896,lawrencemccann,Jacob,Lewis,M,49051 Richardson Stream Suite 251,LA,51357,christopherhamilton@yahoo.com,1917-02-04
610-28-1513,ecowan,Catherine,Vang,F,9563 Briggs Fort,MD,65434,robertstonya@yahoo.com,1921-01-15
821-18-4198,burgesskim,Mary,Li,F,70507 Bailey Tunnel Apt. 444,PW,63586,cummingsjoseph@gmail.com,1997-07-21
720-53-4936,bmatthews,David,Johnson,M,3651 King Ways,WV,30076,powellcraig@yahoo.com,1941-06-25
632-44-9324,ebrown,Julie,Franco,F,4673 Edwards Harbor Suite 655,MT,15873,randallfrost@hotmail.com,1922-06-30
849-47-9781,jhoward,Steven,Mclaughlin,M,61466 Erik Springs,VT,70764,gabriellekennedy@yahoo.com,1974-08-03
370-10-2200,gomezdouglas,Oscar,Mcfarland,M,24411 Henderson Light Apt. 185,NC,00914,todd44@yahoo.com,1948-01-26
466-77-8184,michellemoore,Emily,Baker,F,0085 Kenneth Station,NM,41167,pmoss@hotmail.com,1936-11-20
273-10-6156,felicia51,Scott,Hernandez,M,22052 Fuller Neck,MH,68533,joshua32@hotmail.com,1932-10-28
561-96-4550,jeffrey69,Nancy,Hughes,F,12166 Alexander Highway,DE,96796,robert39@gmail.com,1944-11-16
256-91-0575,fisherpatrick,Dennis,Yates,M,41132 James Motorway,GU,23242,adavis@yahoo.com,1965-05-01
891-20-9135,kmendoza,Tammy,Donovan,F,348 Lewis Ridge Suite 328,AS,82002,carolynlewis@yahoo.com,1937-02-14
158-14-1346,danielrussell,Nicholas,Watson,M,225 Ward Camp Apt. 721,WV,98740,amanda05@yahoo.com,1983-09-12
759-81-4645,dawsondarren,Nicole,English,F,Unit 5776 Box 1643,,,emullins@gmail.com,1976-02-11
158-12-4775,guzmanalan,Brian,Bradshaw,M,59265 Cruz Alley,SD,76234,zweeks@gmail.com,2019-07-02
801-51-7087,martinmegan,James,Caldwell,M,Unit 5974 Box 3401,,,thomas63@gmail.com,1992-09-29
134-28-5502,stephanie97,Karen,Bray,F,85496 Ana Forest Apt. 837,MS,27314,kevin05@yahoo.com,1964-04-03
257-50-0707,jasminewelch,Thomas,Williams,M,87961 Bryan Cliffs Apt. 573,MN,67763,robertmorgan@yahoo.com,1988-05-19
696-81-1963,julie89,Amy,Hardy,F,1215 Green Summit,MS,24230,david88@hotmail.com,2006-08-20
491-77-4977,williamwinters,Jill,Guzman,F,7637 Young Cove,NH,96068,james65@yahoo.com,1975-03-21
134-04-8781,lowejason,Michael,Chen,M,421 Shannon Motorway,TX,56157,susannavarro@yahoo.com,1918-12-22
849-16-9393,paynewalter,Javier,Pierce,M,70354 Terry Vista,VT,35436,jacqueline98@hotmail.com,1993-07-19
